username,location,spots,text,ip_address
ghurdedge0,Maple Wood,37,Multi-tiered zero administration concept,87.87.27.94
cfowden1,Stone Corner,20,Decentralized discrete implementation,80.236.195.6
nrowter2,Sloan,9,Reduced bottom-line internet solution,244.136.198.160
aolivo3,Oxford,75,Face to face scalable adapter,121.4.160.184
lreinard4,Columbus,43,Cloned static parallelism,37.96.171.59
jbusfield5,Shoshone,37,Organized impactful array,178.138.42.102
bgavagan6,Bunker Hill,7,Optional high-level knowledge base,52.71.138.97
ablaszczak7,Jenifer,94,Ergonomic asymmetric knowledge user,122.121.106.9
pcardus8,Derek,97,Team-oriented national emulation,61.54.193.237
talden9,Northfield,73,Visionary didactic implementation,252.15.233.49
llangfitta,Mariners Cove,7,Integrated exuding moratorium,141.59.193.71
edolderb,Walton,25,Customizable full-range standardization,223.114.144.52
dbarcroftc,Barby,99,Object-based global archive,12.65.183.231
dadanetd,Longview,91,Streamlined background time-frame,80.20.227.184
bvequee,American,68,Cross-group clear-thinking extranet,180.247.87.67
jcolbertf,Del Sol,1,Persistent static website,147.233.104.180
jtullisg,Tennessee,40,Organic radical hardware,162.58.162.19
opittmanh,Center,51,De-engineered uniform monitoring,236.230.98.137
hrowthornei,Basil,93,Optimized exuding project,255.174.240.131
dhubballj,Kedzie,35,Self-enabling optimal initiative,168.227.45.170
ngeggusk,Towne,8,Team-oriented global encryption,126.193.168.166
zisacssonl,Commercial,31,Grass-roots 24/7 contingency,103.160.1.138
tdumbellowm,Armistice,8,Open-source explicit hardware,196.97.160.102
lthirtlen,Hoffman,71,Virtual national collaboration,204.37.88.81
cblameyo,Waywood,42,Vision-oriented systemic data-warehouse,80.89.219.203
dwallworkp,Warner,55,Public-key needs-based infrastructure,244.27.34.211
gburgwinq,Kingsford,60,Public-key encompassing data-warehouse,252.112.15.166
tescalerar,Annamark,74,Right-sized real-time utilisation,21.23.88.73
awaplintons,Fisk,51,Enterprise-wide non-volatile attitude,249.41.137.58
zrotteryt,Golf Course,86,Polarised grid-enabled task-force,181.235.149.185
kmurriganu,Westridge,36,Reduced actuating adapter,111.155.43.165
cnodenv,Loftsgordon,96,Integrated zero administration website,224.0.2.237
reskrietw,Anhalt,17,Cross-platform zero tolerance leverage,70.178.144.36
edaleyx,Petterle,91,Adaptive solution-oriented ability,188.3.111.161
fstretey,Harbort,61,Grass-roots methodical policy,31.6.83.213
vmuldrewz,Orin,74,Synchronised needs-based application,81.164.247.92
ringolotti10,Talmadge,53,Automated modular pricing structure,83.58.160.123
lfarre11,Delaware,98,Networked multimedia alliance,211.253.39.7
mmerrisson12,Walton,40,Distributed 24/7 time-frame,86.141.248.178
lohagirtie13,Mendota,15,Quality-focused upward-trending middleware,74.124.223.250
jbelleny14,Hallows,70,Realigned composite info-mediaries,197.147.63.32
mfairrie15,Maple Wood,95,Versatile static benchmark,185.79.224.226
kyewdale16,Cordelia,9,Assimilated web-enabled pricing structure,220.109.64.39
abenz17,Donald,60,Total needs-based success,135.61.222.170
aalfonsetti18,Oneill,41,Mandatory coherent process improvement,161.86.115.185
jsquelch19,Nobel,30,Re-engineered analyzing website,79.219.219.185
ckielt1a,Clemons,63,Managed web-enabled middleware,47.110.158.67
askeech1b,Waywood,37,Vision-oriented systemic extranet,233.235.106.156
dginger1c,Burning Wood,25,Centralized value-added database,53.229.246.83
jclamp1d,Roth,36,Switchable web-enabled alliance,148.139.251.158
mpenrith1e,Graedel,87,Balanced actuating website,89.62.229.228
gcalverd1f,Bartillon,16,Proactive object-oriented collaboration,161.252.33.252
achaize1g,Namekagon,4,Realigned bi-directional leverage,169.31.170.106
sdurham1h,Melody,20,Optional dynamic standardization,227.99.111.139
crobeson1i,Pearson,72,Quality-focused even-keeled implementation,39.240.250.124
awilcox1j,Randy,36,Switchable attitude-oriented analyzer,242.46.249.85
dliddington1k,Hallows,82,Sharable global interface,35.13.39.237
blamerton1l,Kenwood,46,Reverse-engineered reciprocal core,41.85.29.193
dfarahar1m,Red Cloud,9,Innovative motivating model,232.35.22.167
ggromley1n,Loomis,29,Sharable even-keeled customer loyalty,89.111.178.194
rlevens1o,Stang,20,Grass-roots upward-trending capacity,169.132.220.239
tmains1p,Truax,16,Upgradable systemic functionalities,36.145.233.235
mstott1q,Loeprich,83,Decentralized global open architecture,195.229.87.116
ccarwithen1r,Washington,71,User-centric real-time frame,10.137.96.169
ebuckmaster1s,Dryden,28,Managed mission-critical toolset,95.133.54.93
jtesh1t,Gateway,93,Profit-focused 3rd generation parallelism,163.190.135.2
cterron1u,Bunting,15,Business-focused secondary website,248.199.37.7
jplumley1v,Golden Leaf,15,Profit-focused radical concept,84.79.161.181
edolby1w,Messerschmidt,32,Customer-focused next generation collaboration,70.159.94.51
lpawlyn1x,Hayes,7,Robust analyzing hardware,195.4.229.161
nsilverthorne1y,Cambridge,94,Persevering optimizing methodology,115.237.118.92
menrigo1z,Hazelcrest,12,Optional dynamic hub,96.214.10.84
jsleightholme20,7th,23,Synergized multimedia architecture,122.64.99.231
apenelli21,West,42,Grass-roots local frame,3.133.239.218
adunphie22,Lake View,72,Proactive upward-trending architecture,208.97.222.243
whunnicot23,Debra,89,Versatile asymmetric protocol,75.18.4.196
tchellam24,Oxford,77,Secured mobile moratorium,117.52.163.7
gallcoat25,Hoard,78,Enhanced 24 hour local area network,41.234.10.166
abumpas26,Waywood,58,Mandatory fresh-thinking data-warehouse,136.84.65.31
hshatliff27,Gulseth,15,Organic composite superstructure,49.118.241.16
wdobing28,Anniversary,11,Secured actuating firmware,181.209.81.117
genriquez29,Mayfield,6,Seamless encompassing throughput,95.217.181.5
fnovik2a,Melby,34,Front-line homogeneous forecast,160.208.29.163
fgall2b,Reinke,11,Multi-layered incremental interface,30.192.219.210
epenfold2c,Fulton,61,Upgradable 5th generation groupware,42.70.150.203
cstrooband2d,Brickson Park,2,Seamless analyzing time-frame,20.248.218.203
wianinotti2e,Bluejay,9,Automated exuding application,191.3.95.141
biffland2f,Village,95,Synergized well-modulated collaboration,142.32.239.160
bkirkland2g,Judy,92,Progressive bottom-line frame,115.213.107.111
cconduit2h,Moose,62,Open-source 3rd generation core,117.123.5.28
mryhorovich2i,Utah,49,Future-proofed motivating matrices,85.105.47.247
ptomlett2j,Golf View,36,Object-based composite info-mediaries,176.59.77.191
rjoint2k,Sundown,73,Programmable tangible migration,145.66.165.162
gwinfrey2l,Northridge,66,Triple-buffered heuristic alliance,155.4.215.253
tmcgauhy2m,Eastwood,86,Optimized static knowledge user,33.194.199.77
ugowenlock2n,Spenser,95,User-centric asymmetric time-frame,212.62.1.238
gfynes2o,American Ash,66,Triple-buffered reciprocal ability,165.113.148.173
mhaldon2p,Hovde,1,Synchronised stable architecture,153.53.12.220
pmacgorrie2q,International,70,Public-key radical open architecture,120.175.147.104
hferrier2r,Sheridan,96,Re-engineered responsive pricing structure,14.105.51.250
zbertelsen2s,Springs,90,Face to face neutral website,76.133.88.151
mstyant2t,John Wall,9,Focused bi-directional forecast,78.171.132.52
jdrinkall2u,Eggendart,52,Progressive mission-critical collaboration,113.107.47.198
sgoodnow2v,Butternut,92,Seamless scalable encryption,114.54.184.54
aguttridge2w,Jay,19,Team-oriented tertiary time-frame,105.48.216.71
vgerrett2x,Helena,59,Realigned systematic installation,159.101.149.79
cjedrysik2y,Cambridge,95,Extended encompassing focus group,147.31.196.91
rbauman2z,Riverside,43,Fundamental neutral framework,88.117.108.127
bmicklewicz30,Tony,8,Decentralized motivating standardization,197.84.234.52
crankcom31,Goodland,79,Enhanced 3rd generation forecast,118.230.150.72
vdurtnal32,Ruskin,13,Enterprise-wide incremental contingency,253.196.106.58
measby33,Sunnyside,14,Innovative hybrid local area network,111.157.248.194
zgrishelyov34,Mayfield,43,Virtual object-oriented knowledge user,146.48.12.219
jceresa35,Hovde,79,Devolved content-based open system,190.68.32.232
tjobb36,Beilfuss,46,Adaptive disintermediate Graphical User Interface,170.8.161.115
aparham37,Bluejay,48,Virtual coherent interface,161.24.133.34
lbottby38,Continental,71,Monitored even-keeled portal,107.8.34.232
fbarniss39,Jenna,62,Public-key user-facing website,12.43.76.221
dgilliam3a,Moose,70,Right-sized well-modulated circuit,211.52.207.123
ghaynes3b,Old Gate,93,Reduced local encryption,254.181.133.49
vtinker3c,International,2,Realigned dynamic protocol,140.215.23.86
agadaud3d,Boyd,41,Right-sized grid-enabled local area network,238.102.196.124
fcabrer3e,Elmside,44,Monitored tangible installation,111.112.183.179
edrache3f,Forster,50,Reactive optimizing application,221.172.90.66
fmcewan3g,Sage,73,Visionary actuating system engine,111.171.237.0
ccasotti3h,Mifflin,16,Front-line transitional function,75.90.44.163
rschruyers3i,Morningstar,41,Sharable non-volatile encryption,238.186.188.198
cmacci3j,Farwell,15,Progressive modular workforce,99.212.156.106
ccheeke3k,Eggendart,94,Advanced discrete ability,28.226.161.181
ndelieu3l,Hazelcrest,46,Assimilated exuding data-warehouse,21.25.164.141
nheinig3m,Meadow Ridge,15,Business-focused global moderator,108.219.170.250
gjeacock3n,Daystar,98,Extended asynchronous task-force,223.42.123.47
lnimmo3o,School,24,Mandatory incremental functionalities,159.233.148.55
tcasini3p,Vidon,24,Open-architected zero defect analyzer,29.155.241.97
bmarchi3q,Judy,17,Extended impactful budgetary management,255.121.229.126
lpermain3r,Eastlawn,11,Reactive user-facing complexity,67.52.230.164
jstebbings3s,Doe Crossing,94,Progressive bandwidth-monitored access,187.248.148.67
bbour3t,Shoshone,5,Networked directional adapter,19.178.112.238
rchristy3u,Kedzie,10,Proactive multimedia project,230.234.7.36
gbrazel3v,Dryden,74,Digitized 24 hour help-desk,193.97.153.125
bcasier3w,Mitchell,51,Future-proofed directional standardization,218.19.53.115
ahayle3x,Veith,53,Ameliorated solution-oriented Graphical User Interface,16.188.221.158
ralywen3y,Alpine,52,Object-based leading edge policy,113.97.155.202
bjenkyn3z,Park Meadow,73,Reduced solution-oriented process improvement,172.8.50.142
whaddinton40,Gulseth,90,Distributed mobile solution,94.226.162.218
vleed41,Forest,90,Streamlined holistic instruction set,81.55.202.176
fbasill42,Fremont,25,Polarised coherent capability,96.203.175.144
adreossi43,Southridge,7,Mandatory object-oriented model,231.73.186.147
skinleyside44,Farmco,90,Pre-emptive responsive architecture,205.207.176.14
ajukubczak45,Kinsman,76,Customizable tertiary alliance,189.205.252.26
rghidoni46,Melby,91,Ameliorated human-resource functionalities,125.32.158.77
adumbrell47,Elmside,81,Horizontal 24 hour project,248.107.47.109
eformby48,Helena,65,Expanded static system engine,196.187.135.178
llillicrap49,Main,49,Networked system-worthy encryption,191.158.117.224
ashewery4a,Cody,31,Universal object-oriented hub,21.86.223.197
tpym4b,Valley Edge,2,Balanced multi-state data-warehouse,67.25.5.233
jpenkethman4c,Lotheville,7,Stand-alone uniform open architecture,117.142.222.94
rping4d,Northview,23,Configurable empowering secured line,167.32.186.248
pgeany4e,Menomonie,60,Optimized exuding success,18.47.0.205
dmallord4f,Hintze,94,Proactive asynchronous standardization,43.81.30.1
gbridges4g,Del Sol,62,Enterprise-wide impactful knowledge base,195.218.134.117
bmckilroe4h,Sutteridge,22,Advanced attitude-oriented instruction set,95.55.123.90
fquirk4i,Sheridan,16,Visionary composite monitoring,146.122.77.43
rmcilvoray4j,Gina,21,Assimilated neutral core,104.108.172.168
mstonebridge4k,Southridge,34,Enhanced real-time superstructure,19.3.5.157
ypickworth4l,Lillian,15,Decentralized hybrid definition,181.26.212.29
abottomley4m,Garrison,16,Down-sized homogeneous matrix,205.206.80.80
cesland4n,Goodland,70,Focused web-enabled toolset,208.211.138.238
jsouttar4o,Mariners Cove,65,Visionary human-resource array,86.119.144.207
tmatthewman4p,Dapin,87,Fundamental actuating moratorium,130.184.10.215
jbrowncey4q,Barby,89,Monitored multi-tasking encoding,13.97.94.65
wthomesson4r,Huxley,5,Synergistic 24/7 time-frame,194.225.192.247
lbarbisch4s,Fair Oaks,75,Synchronised maximized interface,9.118.216.196
sfeldbaum4t,Gulseth,16,Cross-group directional challenge,121.18.43.254
mshearman4u,Moulton,98,Configurable foreground archive,8.170.101.5
rberth4v,Shasta,9,Enterprise-wide non-volatile algorithm,23.154.114.219
smcblain4w,Cottonwood,55,Synergistic leading edge array,150.183.232.224
wdanzey4x,Transport,63,Organized contextually-based Graphic Interface,203.27.231.7
tdunnico4y,Garrison,15,Persevering upward-trending application,255.200.178.45
bdye4z,Kingsford,82,De-engineered content-based task-force,140.51.101.141
kbrighouse50,Mitchell,58,Multi-channelled mobile workforce,247.211.111.37
nallden51,Twin Pines,31,Distributed object-oriented time-frame,98.114.169.147
adoumerque52,Marcy,54,Expanded intermediate function,171.172.211.56
jbarnshaw53,Beilfuss,62,Cross-group 24 hour system engine,254.247.159.82
estuddal54,Monument,14,Switchable exuding intranet,71.129.29.163
fmccrudden55,Gale,50,Compatible grid-enabled intranet,36.75.17.41
cbraithwaite56,Ryan,3,Streamlined modular collaboration,62.48.212.188
cmassow57,Killdeer,77,Robust intermediate protocol,59.131.93.13
wdagg58,Tony,26,Open-source modular neural-net,137.40.99.212
maron59,Linden,75,User-friendly didactic extranet,252.89.91.44
fdahmke5a,Cambridge,27,Synchronised 24/7 intranet,118.44.241.201
gmacbane5b,Montana,42,Multi-tiered holistic focus group,192.192.33.4
itetlow5c,Gateway,73,Persevering logistical leverage,194.35.80.137
cbleakman5d,Welch,15,Fully-configurable client-server website,115.106.231.176
hwindibank5e,Goodland,39,Polarised national installation,6.30.255.25
gshoebottom5f,Packers,89,Expanded background software,23.57.148.2
kphipps5g,Meadow Ridge,56,Balanced neutral secured line,64.193.12.200
hgerdes5h,Eastwood,17,Realigned fresh-thinking core,249.155.153.87
dkernar5i,Springs,33,Cross-platform web-enabled secured line,213.176.203.168
ikegan5j,Summerview,70,Robust disintermediate budgetary management,155.11.160.104
rvaldes5k,Melby,81,Mandatory hybrid workforce,124.106.99.135
awayte5l,Magdeline,96,Streamlined static utilisation,222.247.157.128
eparidge5m,Ilene,36,Self-enabling bi-directional flexibility,111.166.171.65
tlongstreeth5n,3rd,52,Customizable analyzing time-frame,33.116.152.88
rgraal5o,Clove,17,Innovative reciprocal open system,103.97.158.176
zhardwicke5p,Larry,22,Diverse multi-state infrastructure,58.160.1.136
cramberg5q,Holmberg,30,Intuitive fault-tolerant groupware,138.117.5.96
rcawsby5r,Chive,27,Versatile zero tolerance productivity,4.13.105.26
mtousy5s,Butterfield,60,Devolved content-based focus group,163.119.219.62
ewandrach5t,Burning Wood,44,Expanded optimizing success,17.163.245.87
livie5u,Maple Wood,15,Managed motivating Graphic Interface,77.24.210.225
lduesberry5v,Northport,63,Multi-layered non-volatile database,130.200.57.8
mpindred5w,Hagan,19,Quality-focused static time-frame,31.146.160.29
gsealove5x,Birchwood,47,Synergistic tangible emulation,78.168.216.158
bjeves5y,Eastlawn,52,Reactive real-time instruction set,35.6.73.134
tdanett5z,Northwestern,60,Multi-channelled actuating strategy,74.164.104.63
cchurch60,Holy Cross,21,Re-contextualized neutral definition,253.58.154.104
bmaccallion61,Blaine,6,Function-based demand-driven system engine,106.251.194.43
ndonavan62,Goodland,28,Up-sized stable solution,223.30.197.242
beim63,Orin,19,Persistent secondary neural-net,170.150.184.78
jmee64,Farwell,65,Reverse-engineered holistic monitoring,1.235.25.153
bverheijden65,Blackbird,32,Reactive full-range capacity,63.134.50.193
lgooda66,Hovde,81,Innovative content-based open system,23.87.6.127
kdmisek67,Donald,95,Ameliorated background software,97.200.242.99
rdurrad68,Eagan,77,Synergized well-modulated initiative,72.212.123.65
lcunniff69,Huxley,38,Cross-group discrete benchmark,175.177.144.232
ibeaglehole6a,Drewry,72,Reverse-engineered responsive encryption,180.158.10.171
bcarleman6b,Fremont,92,Upgradable static array,141.39.253.235
kzaczek6c,Menomonie,88,Proactive clear-thinking standardization,145.15.57.196
hcorteney6d,Merchant,71,Open-source multi-tasking project,38.188.112.11
gdyka6e,Bobwhite,55,Compatible 4th generation pricing structure,81.191.217.31
lbritten6f,Bartillon,88,Future-proofed high-level implementation,230.20.134.179
gpallin6g,Westridge,76,Customer-focused homogeneous synergy,209.243.80.177
amccurry6h,Northview,45,Phased 6th generation core,223.169.228.192
drenahan6i,Calypso,47,Function-based responsive throughput,187.87.195.72
avernham6j,Dahle,52,Ergonomic exuding solution,232.201.119.252
fllewelyn6k,Toban,19,Public-key uniform attitude,83.5.211.40
swickham6l,Lotheville,32,Self-enabling system-worthy task-force,96.218.1.190
gkarim6m,Stone Corner,87,Networked 6th generation internet solution,79.185.70.251
gsictornes6n,Carberry,32,Managed bottom-line initiative,157.125.167.248
smothersole6o,Onsgard,83,Object-based cohesive frame,66.221.55.190
nmoreinu6p,Steensland,51,Self-enabling needs-based contingency,193.82.113.208
vrawdales6q,Mallory,77,Adaptive content-based open architecture,201.249.203.20
mscotson6r,Mariners Cove,30,Profound real-time application,89.103.91.123
skeogh6s,Killdeer,6,Fundamental client-driven functionalities,120.112.11.232
bvargas6t,Melvin,94,Profit-focused context-sensitive matrices,3.60.24.27
ekrishtopaittis6u,Holmberg,56,Enterprise-wide non-volatile time-frame,149.86.69.146
rthurske6v,Ryan,60,Managed systematic capability,150.22.210.13
tkinnen6w,Ilene,42,Profit-focused impactful service-desk,139.103.163.207
jcoopland6x,Claremont,12,Fundamental fresh-thinking protocol,77.98.117.51
ljarrel6y,Elka,79,Cross-group discrete capability,210.72.177.85
abeedle6z,Dwight,56,Polarised hybrid local area network,106.127.0.99
bburress70,Dottie,93,Centralized foreground budgetary management,68.183.173.213
cmcgiffin71,Westport,25,Optimized systemic secured line,191.95.104.245
rmerryfield72,Corben,78,Switchable analyzing customer loyalty,78.77.13.109
rphilippe73,Cascade,90,Progressive disintermediate process improvement,91.119.139.104
mharrod74,Lillian,43,Up-sized composite groupware,79.127.74.118
hhairsnape75,Dryden,80,Re-contextualized client-driven extranet,163.196.58.215
showard76,Toban,1,Programmable mission-critical software,213.220.114.213
twalbrook77,Kings,73,Seamless actuating definition,215.119.15.149
wlongworth78,Novick,96,Versatile intangible groupware,64.193.73.77
rrickword79,Bayside,17,Fundamental executive info-mediaries,211.164.205.228
msomerset7a,Fordem,20,Automated bandwidth-monitored conglomeration,81.229.172.59
mcicchitello7b,Trailsway,82,Synergistic real-time instruction set,163.181.199.199
smoyles7c,Russell,36,Open-architected web-enabled matrix,211.246.141.206
mkellard7d,Thierer,44,Seamless scalable definition,80.238.194.34
cfrowing7e,Stoughton,98,Open-architected logistical infrastructure,132.156.169.68
plugg7f,Atwood,90,Advanced intermediate process improvement,136.162.31.94
mianelli7g,Loftsgordon,69,Enterprise-wide encompassing open architecture,194.157.198.211
esimeoli7h,Katie,30,Object-based asynchronous installation,96.240.86.129
eswinglehurst7i,Arkansas,87,Streamlined impactful flexibility,110.184.216.230
hwhelpton7j,Burrows,83,Ameliorated multimedia function,84.112.104.161
dcuff7k,Norway Maple,94,Programmable responsive workforce,119.187.180.254
hfowlie7l,Sundown,74,Reverse-engineered needs-based local area network,243.116.14.149
ehub7m,Pawling,92,Reverse-engineered 5th generation installation,161.113.88.33
ahabeshaw7n,Shopko,41,Cross-platform disintermediate info-mediaries,247.221.187.253
cmatej7o,Larry,22,Diverse executive alliance,239.144.98.187
ewalkinshaw7p,Sugar,66,Monitored neutral help-desk,178.216.156.148
dmiguel7q,Blaine,46,Public-key heuristic projection,198.113.255.148
mmacgill7r,Linden,43,Centralized logistical extranet,245.231.253.129
rcopper7s,Donald,94,Re-contextualized zero administration concept,129.192.196.237
fpittendreigh7t,Melvin,57,Profit-focused needs-based support,60.104.225.99
lgiscken7u,Victoria,48,Up-sized national synergy,179.251.122.29
ebrende7v,Ramsey,91,Inverse next generation frame,234.243.94.166
oguyton7w,Debs,29,Programmable tertiary product,200.188.13.114
gpriddey7x,Melvin,78,Innovative eco-centric hierarchy,66.48.193.40
gtrelevan7y,Russell,93,Vision-oriented 24/7 toolset,172.226.142.251
eallcock7z,Packers,45,Operative mobile circuit,223.220.187.111
dbuston80,Maryland,99,Automated cohesive standardization,228.66.37.97
amanser81,Packers,76,Reactive encompassing application,183.95.115.190
kduerdin82,Lindbergh,53,Cross-platform stable concept,253.105.143.202
ralabaster83,Warrior,13,Enterprise-wide 5th generation analyzer,197.73.146.24
gberdale84,Spohn,51,Fully-configurable real-time array,217.199.146.165
hwickmann85,Farmco,48,Stand-alone optimizing firmware,236.24.63.170
ekitchenside86,Utah,61,Organized client-server matrices,203.198.212.19
cbrigstock87,Bayside,46,Enhanced bifurcated policy,12.174.7.245
covershott88,Arkansas,57,Optimized well-modulated ability,2.166.153.68
iepdell89,Clyde Gallagher,61,Upgradable scalable projection,3.219.48.72
mhouten8a,John Wall,55,Intuitive responsive budgetary management,252.36.188.64
iranner8b,Del Sol,38,Multi-channelled didactic data-warehouse,248.8.155.48
jgroom8c,Red Cloud,83,Centralized even-keeled initiative,110.229.15.190
dyarrow8d,Mesta,17,Adaptive solution-oriented benchmark,8.253.232.59
mathy8e,Heffernan,12,Profound holistic middleware,68.66.200.104
bhub8f,8th,51,Synergized didactic adapter,81.109.220.195
mwilse8g,Lukken,98,Programmable exuding framework,95.211.111.90
dwhilde8h,Darwin,98,Future-proofed zero tolerance attitude,206.4.9.165
gkilgrew8i,Vera,14,Customizable exuding encryption,242.151.228.17
rdebiasio8j,Troy,18,Realigned global application,66.247.134.232
losorio8k,Texas,3,Mandatory didactic matrix,191.202.49.6
htirone8l,Spaight,80,Sharable didactic pricing structure,207.190.90.17
abodycote8m,Schmedeman,74,Progressive homogeneous conglomeration,192.236.210.138
tfarrin8n,Dayton,81,Virtual bifurcated productivity,31.48.252.54
kcowherd8o,Loftsgordon,44,Phased dedicated implementation,105.255.211.87
draun8p,Melvin,25,Focused secondary contingency,254.175.136.10
aklaesson8q,Old Gate,83,Public-key 6th generation policy,93.117.214.245
acandlin8r,Dryden,5,Persistent content-based secured line,80.230.218.39
cklosges8s,Cordelia,79,Fundamental static initiative,217.115.106.209
rjackling8t,Everett,16,Extended incremental artificial intelligence,250.223.52.75
bdavern8u,Westerfield,53,Advanced attitude-oriented time-frame,246.163.33.156
mkorneev8v,Menomonie,83,Devolved systemic alliance,100.53.136.238
spusill8w,Center,28,Ameliorated next generation hub,40.20.223.192
sbainton8x,4th,17,User-centric explicit approach,25.58.85.100
lpellant8y,Hauk,5,Front-line 5th generation hardware,83.172.111.113
emaccrosson8z,Schurz,4,Persevering multimedia standardization,5.155.91.249
bcliffe90,Petterle,46,Team-oriented scalable throughput,138.149.188.207
nbiasioni91,Ridgeway,9,Synergistic value-added info-mediaries,114.80.163.6
amcinnes92,Arapahoe,36,Enhanced clear-thinking complexity,53.0.41.115
wsenton93,Surrey,14,Assimilated eco-centric Graphical User Interface,78.75.125.74
ckretschmer94,Kipling,42,Stand-alone local strategy,1.44.35.49
gfligg95,Heath,17,Organized uniform portal,165.136.226.26
ecotter96,Mcguire,61,Synergistic foreground alliance,13.165.21.5
dgrangier97,Bowman,25,Total 4th generation circuit,26.155.68.29
hlarret98,Moland,13,Horizontal tangible local area network,107.112.70.71
jpagnin99,Kropf,4,Assimilated actuating website,71.141.159.34
wbuick9a,Scoville,28,Expanded didactic moratorium,163.189.239.73
emackney9b,Corry,20,Diverse dynamic contingency,183.93.229.197
bedy9c,Fairview,75,Cross-group bifurcated initiative,204.148.120.241
fpenrith9d,Southridge,100,Front-line client-driven neural-net,12.99.21.255
rjayes9e,Rowland,22,Team-oriented fresh-thinking firmware,191.59.31.21
lcolebourne9f,Sunbrook,5,Visionary fresh-thinking function,96.180.158.70
dleeburn9g,Ridgeview,89,Right-sized 5th generation access,48.59.84.220
tguitonneau9h,Crownhardt,3,Intuitive value-added moderator,219.90.111.0
tdaughton9i,Quincy,100,Upgradable motivating framework,59.57.138.188
ckulis9j,Carberry,12,Integrated context-sensitive challenge,71.10.203.92
wianitti9k,Swallow,50,Devolved full-range frame,84.254.183.53
mmeatcher9l,Fulton,20,Function-based bifurcated synergy,246.222.254.15
kbriddle9m,Pierstorff,78,User-centric analyzing framework,182.44.107.177
gdancey9n,Farragut,52,Secured bifurcated implementation,181.129.167.206
rbowle9o,Ridgeview,72,Ergonomic multi-state utilisation,56.237.239.92
kpache9p,Veith,11,Re-contextualized contextually-based access,93.158.157.194
rpettican9q,Village Green,72,Assimilated needs-based algorithm,134.248.42.203
ctabard9r,Bay,45,Business-focused fault-tolerant help-desk,81.43.213.0
cpilgrim9s,Novick,96,Synergistic mobile circuit,126.204.38.120
dcorradini9t,Carey,95,Public-key fresh-thinking neural-net,32.105.143.145
kreichelt9u,Superior,76,Diverse multimedia leverage,153.140.254.234
astrippel9v,Forest,30,Robust zero defect intranet,37.249.216.255
dcardnell9w,Corry,73,Fully-configurable incremental complexity,58.163.192.220
swithams9x,Artisan,67,Cross-platform national parallelism,204.245.189.38
mboman9y,Milwaukee,49,Distributed disintermediate extranet,7.114.59.215
dloram9z,Oxford,61,Open-source discrete benchmark,228.214.203.127
lchurchera0,Packers,28,Multi-channelled local pricing structure,36.58.74.90
zbathoea1,Clarendon,50,Intuitive human-resource instruction set,119.0.129.253
rpondea2,Butternut,81,Exclusive cohesive secured line,103.234.23.93
kneilla3,Chinook,69,Synergistic uniform synergy,85.47.115.19
shaggitha4,Westport,71,Monitored user-facing implementation,145.217.25.169
cmcgenna5,Mitchell,70,Business-focused systemic task-force,219.57.74.74
aliasa6,Northwestern,79,Expanded high-level interface,107.110.248.150
gyukhtina7,Twin Pines,18,Innovative cohesive application,33.163.232.140
ajaffreya8,Twin Pines,50,Realigned heuristic frame,73.189.25.246
jdeningtona9,Loeprich,78,User-centric 3rd generation installation,138.12.123.177
saikettaa,Brickson Park,27,Enhanced 24/7 definition,232.198.82.249
bkensonab,Banding,94,Devolved well-modulated open system,194.191.6.207
sbrikac,Bluestem,18,Synchronised national product,22.152.190.217
apetrouad,Sundown,45,Automated background secured line,232.124.218.239
ntiffinae,Lotheville,86,Seamless even-keeled time-frame,79.161.215.160
gfuentesaf,Nancy,9,Ameliorated dynamic collaboration,234.17.232.60
cmehaffeyag,Comanche,31,Multi-channelled impactful adapter,7.59.141.212
mruddinah,Mallory,47,Pre-emptive national project,155.243.88.123
adetloffai,Nevada,100,Secured radical infrastructure,239.62.17.178
tpaintainaj,Maple Wood,29,De-engineered mobile analyzer,50.210.127.80
bnorthak,Sunnyside,36,Advanced homogeneous utilisation,189.67.92.194
rclanceyal,Blaine,55,Compatible zero defect solution,50.102.238.0
jlongfellowam,Derek,28,Sharable global monitoring,212.216.1.93
lspeechlyan,Amoth,19,Virtual intangible open architecture,203.178.232.218
hfittesao,Everett,68,Future-proofed logistical alliance,177.119.26.55
ksimmonettap,Northland,51,Devolved well-modulated utilisation,93.74.153.230
wlinfordaq,6th,73,Versatile optimizing infrastructure,110.30.102.113
czecchiiar,Vernon,78,Seamless 5th generation implementation,102.154.208.190
gbonomeas,Hermina,64,Reduced mission-critical instruction set,122.95.40.255
bstronoughat,Burrows,42,User-centric directional customer loyalty,72.191.120.33
gchampneysau,Shasta,39,Synergized multi-state solution,70.120.72.156
rmcliceav,Portage,18,Multi-tiered encompassing collaboration,112.235.150.125
gbalaizotaw,Iowa,82,Programmable dedicated emulation,31.112.188.50
mseeax,Norway Maple,70,Persevering non-volatile migration,39.202.170.170
whymersay,Dayton,97,Distributed bi-directional success,166.98.70.198
mqueenboroughaz,Delaware,15,Centralized interactive monitoring,196.46.171.39
jastonb0,Veith,25,User-friendly homogeneous customer loyalty,153.0.163.196
dvidlocb1,Fairfield,47,Fundamental actuating secured line,184.138.224.204
ahallihanb2,Morning,66,Optimized multi-tasking info-mediaries,180.145.159.214
rcourteseb3,Maryland,54,Open-architected systematic capacity,244.163.77.128
owiddocksb4,Southridge,6,Re-engineered motivating capability,154.228.169.13
gmartinollib5,Muir,27,Decentralized needs-based open architecture,134.81.177.39
plepoidevinb6,Dovetail,1,Networked client-server ability,98.41.174.131
hfookesb7,Glendale,87,Mandatory hybrid middleware,95.196.93.45
jjaquetb8,Burning Wood,79,Configurable asynchronous paradigm,77.240.244.62
ibollinb9,David,36,Future-proofed cohesive time-frame,94.98.89.54
bradbornba,Arizona,94,Upgradable optimal productivity,255.150.174.252
jauklandbb,Bay,27,Distributed maximized productivity,229.154.111.216
adustingbc,Hayes,89,Organized asymmetric solution,12.83.167.120
wnapolitanobd,Hayes,64,Business-focused client-driven customer loyalty,177.235.78.220
hlucabe,Bayside,15,Synergistic client-server approach,119.107.134.229
asruttonbf,Northview,87,Seamless attitude-oriented open architecture,186.127.138.56
mdowbekinbg,Vera,26,Intuitive intermediate neural-net,12.129.123.32
fmckiernanbh,Twin Pines,34,Re-contextualized attitude-oriented methodology,112.131.26.215
lmedgewickbi,Westend,84,Triple-buffered multi-tasking website,22.250.235.192
ashottonbj,Susan,54,Organic 4th generation open system,147.23.33.24
gcarmenbk,Shasta,17,Versatile transitional knowledge user,119.179.229.59
ugiacomozzobl,Sauthoff,68,Team-oriented bifurcated time-frame,186.109.144.95
mlanawaybm,Hoard,16,Function-based well-modulated data-warehouse,187.193.248.124
alewseybn,Bunting,59,Vision-oriented context-sensitive task-force,217.247.61.99
valuardbo,Carpenter,37,User-friendly local matrix,103.75.13.74
mpendletonbp,Forest Run,65,Distributed global artificial intelligence,156.109.15.225
acamillobq,Anthes,27,Re-engineered zero defect artificial intelligence,187.157.91.229
aboschmannbr,Havey,37,Integrated stable productivity,212.213.90.122
mcrutcherbs,Sachs,47,Face to face content-based emulation,110.60.80.88
averrallsbt,Bellgrove,52,Up-sized systematic support,240.100.172.50
bblintbu,2nd,15,De-engineered mobile challenge,12.5.97.225
dcarthewbv,Donald,10,Extended impactful pricing structure,120.116.64.133
hwolfindalebw,Sycamore,55,Extended dynamic open system,33.44.4.91
alafaybx,Fairview,71,De-engineered user-facing interface,199.135.114.199
ebiaggioliby,Sommers,57,Cloned global utilisation,178.3.125.24
wallibanbz,Grasskamp,27,Inverse homogeneous solution,129.135.37.130
pcrainc0,High Crossing,56,Streamlined actuating utilisation,162.180.141.232
xturfsc1,Pine View,36,User-centric executive firmware,90.73.157.250
crizzettic2,Jenna,77,Object-based disintermediate functionalities,154.245.211.72
tbennellc3,Farwell,53,Ameliorated encompassing algorithm,18.17.53.165
jdilsc4,Manitowish,17,Open-source client-driven database,16.178.78.61
mpiwellc5,Hermina,88,Operative asynchronous monitoring,174.151.141.221
nagatec6,Esker,13,Open-source eco-centric extranet,176.25.151.228
grignoldc7,Brentwood,30,Quality-focused object-oriented moratorium,130.159.103.68
favrahamc8,Bluestem,64,Business-focused high-level application,175.248.186.88
gspurdensc9,Shoshone,56,Public-key needs-based time-frame,162.75.80.21
jvanarsdallca,Barby,84,Diverse bi-directional open system,78.158.6.107
dcurpheycb,7th,80,Up-sized encompassing concept,58.86.143.60
gmilacc,Manitowish,55,Open-source didactic capability,142.113.216.108
ilindsellcd,Northport,5,Up-sized asymmetric productivity,40.240.61.109
fbottrellce,Kinsman,10,Robust reciprocal workforce,151.86.98.135
miacovinocf,Orin,64,Cross-group optimal adapter,181.51.3.33
hashleighcg,Stuart,100,Ameliorated secondary frame,51.103.20.31
tocorrinch,Veith,57,Diverse multi-state migration,173.246.16.90
lbreadmoreci,Bartillon,86,Centralized next generation info-mediaries,144.73.224.24
gearingeycj,7th,70,Front-line 6th generation utilisation,107.101.59.12
hawtyck,Luster,67,Synchronised discrete conglomeration,72.236.211.49
sdomanskicl,Butterfield,14,Versatile 24/7 array,99.132.75.43
gmcgoochcm,Menomonie,75,Reverse-engineered cohesive standardization,141.243.40.126
gbazeleycn,Glendale,65,Digitized fresh-thinking forecast,62.21.198.217
tcovillco,Stoughton,84,Programmable leading edge info-mediaries,193.154.90.62
aguwercp,Oak,39,Profound multi-tasking budgetary management,237.243.184.226
bhannawaycq,Rockefeller,38,Team-oriented object-oriented customer loyalty,134.85.68.207
phukecr,Clove,38,Compatible web-enabled toolset,65.111.198.108
jkapelhofcs,Esker,18,Secured tertiary help-desk,42.170.243.89
nlumlyct,Fulton,45,Switchable dynamic orchestration,15.153.25.217
belstobcu,Oak Valley,56,Open-architected bandwidth-monitored leverage,240.96.100.34
njaspercv,Lindbergh,56,User-friendly neutral encryption,149.4.222.185
gingolotticw,Sunfield,27,Grass-roots discrete core,99.136.17.254
tastcx,Northport,9,De-engineered systemic hub,173.84.19.142
hflohardcy,Miller,12,Networked context-sensitive superstructure,131.8.139.230
cmccutheoncz,Nelson,40,Future-proofed foreground capacity,174.227.132.157
bstollenbeckerd0,Schiller,78,Sharable real-time neural-net,168.156.123.81
tjadod1,Ronald Regan,9,Grass-roots bandwidth-monitored local area network,112.199.163.0
mfawked2,Cody,41,Balanced logistical encoding,198.244.88.38
dsnarttd3,Carberry,28,Synergistic transitional artificial intelligence,185.44.61.120
ctomasellid4,Dayton,11,Exclusive empowering secured line,19.177.232.115
dluetchfordd5,Lakeland,62,Public-key user-facing knowledge user,100.161.43.117
nkeerid6,Bobwhite,40,Cloned methodical initiative,219.175.55.175
taskawd7,Jenifer,44,Multi-tiered real-time knowledge user,117.115.63.246
rpachmannd8,Sycamore,41,Multi-lateral eco-centric instruction set,48.71.106.0
hragged9,Knutson,87,Re-engineered reciprocal system engine,183.135.151.67
dpeersda,Dapin,59,Virtual client-driven software,43.93.14.94
fpiotrkowskidb,Hoepker,34,Proactive optimizing concept,199.18.195.235
hbeigdc,Di Loreto,10,Synergistic optimizing knowledge base,81.98.35.131
npiquarddd,Everett,63,Devolved systemic leverage,33.198.104.207
iboribalde,Buhler,40,Implemented transitional emulation,48.229.96.40
rbiggindf,Summit,59,Adaptive upward-trending application,33.8.230.239
cflescherdg,Schurz,80,Enhanced secondary instruction set,56.196.65.202
bargonttdh,Rusk,54,Inverse eco-centric parallelism,59.43.160.148
shubbuckedi,Fieldstone,39,Fully-configurable bi-directional capability,158.189.227.248
cboickdj,Cody,44,Vision-oriented systematic initiative,98.220.249.78
ecasselsdk,Pankratz,57,Multi-lateral discrete emulation,239.68.71.161
gbaudoudl,Superior,21,Organized scalable encryption,64.101.160.144
lchennellsdm,Morning,1,Extended bandwidth-monitored extranet,200.52.170.205
dcliftondn,Cody,18,Configurable dynamic success,5.89.39.141
wcamplindo,Crescent Oaks,12,Triple-buffered secondary complexity,225.250.120.19
sfortesquieudp,Debra,69,Grass-roots empowering functionalities,11.100.4.10
thessedq,Shoshone,48,Fundamental needs-based Graphic Interface,19.73.154.190
ddismoredr,Daystar,83,Innovative composite task-force,156.101.107.70
lmewsds,Towne,97,Customizable uniform standardization,148.229.168.81
akibbledt,Jay,66,Re-contextualized dynamic info-mediaries,125.11.94.116
bocahilldu,Mccormick,79,Enterprise-wide discrete product,116.66.49.228
bcromiedv,Heath,60,Robust empowering open architecture,12.85.106.197
smidgelydw,Clemons,39,Diverse needs-based knowledge base,106.97.92.63
fbrundledx,Bashford,53,Focused neutral analyzer,62.119.86.148
hfrenddy,Valley Edge,28,Public-key attitude-oriented product,224.255.121.106
srosenkrantzdz,Fieldstone,55,Reverse-engineered even-keeled middleware,43.194.69.233
dconeaue0,Debs,76,Compatible neutral groupware,146.81.80.71
gjeppse1,Westport,58,Streamlined static methodology,166.183.39.185
mgrattene2,Glacier Hill,2,Pre-emptive composite initiative,91.178.157.116
redgesone3,Quincy,38,Organic zero administration workforce,193.85.36.114
eeasemane4,Donald,10,Cross-group optimal benchmark,220.22.207.165
ssydneye5,Roxbury,67,Cross-group 6th generation software,199.220.86.226
imacaulaye6,Ramsey,23,Compatible holistic process improvement,71.79.102.7
gstanmane7,Caliangt,45,Switchable asymmetric implementation,134.207.130.90
fstokelle8,Mccormick,75,Operative secondary concept,109.84.112.160
rmathewsone9,Rusk,19,Versatile human-resource support,210.143.184.206
vrepperea,Bonner,37,Digitized uniform interface,176.159.91.192
gmorrillyeb,Loftsgordon,91,User-friendly reciprocal interface,195.215.198.18
ksappec,Mcguire,60,Visionary leading edge firmware,92.34.242.118
mvedeneeved,East,61,Cross-group asynchronous parallelism,238.144.111.107
atumiotoee,Waubesa,70,Fundamental multimedia benchmark,92.172.36.123
dblackwayef,Waywood,43,Assimilated uniform analyzer,172.107.34.2
ahuytoneg,Melby,17,Balanced upward-trending focus group,100.210.15.39
kbrachelleh,Knutson,62,Multi-tiered didactic firmware,215.201.127.206
jfidelerei,Prairieview,25,Profound zero tolerance archive,128.208.232.185
bcalderonelloej,Mesta,66,Synergistic object-oriented Graphical User Interface,237.20.169.76
rgilmourek,Delaware,73,Front-line motivating standardization,25.16.136.211
acornuauel,Badeau,23,Progressive empowering access,157.0.206.94
gbrendelem,Sommers,15,Seamless local encoding,75.175.137.246
etownsonen,Bowman,67,Upgradable holistic success,109.198.62.146
mrickhusseo,Esch,27,Multi-layered maximized definition,122.227.243.90
sleiskep,Buell,89,Distributed content-based throughput,210.192.236.251
lhinrichseneq,Lukken,24,Assimilated asymmetric focus group,242.5.234.216
korryer,Dahle,74,Balanced even-keeled matrices,204.173.31.170
cmcenteggartes,Hanson,99,Progressive even-keeled collaboration,106.22.0.72
dgockeleret,Hollow Ridge,7,Reverse-engineered bifurcated capability,202.153.172.2
jramptoneu,Graceland,19,Exclusive full-range open architecture,91.94.24.78
gquarmbyev,Farmco,100,Focused multimedia emulation,202.102.23.235
kcoramew,Ohio,39,Expanded stable customer loyalty,144.147.245.51
gmaxwaleex,5th,11,User-friendly local local area network,54.201.171.247
bmyrtleey,Mcguire,99,Organic holistic collaboration,116.41.15.96
hbullonez,Glendale,22,Distributed regional project,78.52.138.61
gclemencef0,Grayhawk,37,Re-contextualized local functionalities,167.58.223.31
afillgatef1,Upham,61,Multi-layered empowering artificial intelligence,38.67.20.67
obattertonf2,Scoville,17,Open-source content-based service-desk,105.9.249.140
osanthousef3,Ludington,34,Monitored fresh-thinking parallelism,172.91.110.45
ashimwallf4,Caliangt,91,Horizontal zero administration hub,149.160.53.53
fcotgravef5,Continental,15,Cross-group didactic task-force,163.70.234.85
kpieterickf6,Bobwhite,32,Cross-group composite utilisation,200.177.219.99
kjosovitzf7,Dennis,7,Distributed cohesive budgetary management,119.235.241.162
fpargiterf8,Carpenter,95,Multi-tiered intermediate artificial intelligence,98.111.69.91
akralef9,Hallows,34,Organic directional migration,231.211.201.239
amacdonaghfa,Calypso,26,Sharable bi-directional success,55.96.71.111
cdranefb,Summerview,44,Ergonomic clear-thinking implementation,223.192.12.38
bgrewesfc,Evergreen,52,Programmable stable contingency,215.68.141.96
wcristoferifd,Hallows,6,Synergized eco-centric paradigm,28.199.253.163
agwynnfe,New Castle,83,Re-contextualized 4th generation hierarchy,212.124.236.231
aerbeff,Delladonna,31,Customizable asymmetric structure,87.237.74.30
srowledgefg,Graedel,27,Synergistic actuating standardization,30.72.196.61
mheaffeyfh,Hovde,42,Multi-layered multimedia knowledge user,29.225.244.60
mraspfi,Sloan,100,Versatile dedicated software,190.168.139.227
ndunlopfj,Briar Crest,75,Innovative analyzing migration,12.223.94.195
ckieltfk,Graedel,30,Front-line real-time model,55.142.172.84
achmielfl,Nova,36,Adaptive regional migration,208.87.182.29
bfarresfm,Sheridan,51,Public-key global intranet,65.233.150.207
tkelshawfn,Bay,68,Progressive executive intranet,146.68.135.8
lcockramfo,Bay,92,Extended interactive workforce,3.23.132.176
fritchiefp,Roth,69,Synergized responsive moratorium,67.9.233.226
kbranchflowerfq,Sutteridge,93,Virtual 24/7 infrastructure,132.84.181.189
wralfefr,Algoma,83,Multi-lateral value-added alliance,186.91.165.120
clundonfs,Washington,98,Enterprise-wide zero tolerance superstructure,7.191.167.34
fhensft,Schurz,68,Profound directional neural-net,249.145.67.102
anicollsfu,Nelson,84,Profit-focused fault-tolerant functionalities,73.130.255.5
cmencefv,Green Ridge,100,Optional solution-oriented standardization,48.240.27.245
scullinanefw,Maple Wood,13,Expanded radical secured line,210.14.104.85
hcasirolifx,Donald,29,Total content-based adapter,97.170.2.217
dogilbyfy,Alpine,34,Implemented encompassing internet solution,19.207.168.38
grillattfz,Bunting,72,Profit-focused client-driven definition,53.100.23.98
amenaulg0,Iowa,98,Focused intermediate local area network,83.6.199.219
rbaldeng1,Judy,28,Self-enabling needs-based Graphic Interface,69.191.149.148
dbleesg2,Vidon,53,Fully-configurable foreground neural-net,69.66.249.20
cmainstong3,Kennedy,98,Open-source homogeneous portal,117.33.30.174
nlauderdaleg4,Doe Crossing,65,Operative bandwidth-monitored matrix,164.42.37.160
kmccomasg5,Carioca,55,Compatible bifurcated conglomeration,205.7.157.185
bbreffittg6,Hagan,72,Diverse fault-tolerant function,106.2.124.72
rlegalleg7,Kinsman,49,Reverse-engineered heuristic migration,163.237.84.105
gwalcotg8,Schiller,94,Progressive secondary paradigm,190.26.210.193
jyateg9,Killdeer,13,Intuitive encompassing help-desk,209.75.150.66
hraynhamga,High Crossing,81,Upgradable client-server structure,167.58.127.117
jtolchergb,David,58,Integrated fault-tolerant superstructure,38.179.66.175
akubachgc,Knutson,32,Digitized homogeneous core,102.138.49.223
zquaregd,Farragut,9,Progressive uniform project,205.19.210.85
mfaichniege,Merrick,92,Secured discrete interface,63.76.76.231
oloveredgegf,Northview,97,Intuitive asymmetric artificial intelligence,34.45.18.109
bseelbachgg,Melrose,33,Up-sized solution-oriented utilisation,89.69.4.34
kriddickgh,Cody,63,Reactive attitude-oriented focus group,23.199.176.251
sgwilliamsgi,Myrtle,4,Streamlined responsive internet solution,116.146.202.117
mbroadgj,Westerfield,55,Vision-oriented 24/7 collaboration,223.119.243.211
rforsaithgk,Helena,39,User-centric didactic implementation,250.182.156.117
gcessfordgl,Anthes,87,Organized heuristic portal,212.60.0.26
nroycraftgm,Kings,90,Diverse impactful software,171.244.188.29
tmonangn,Macpherson,8,Managed upward-trending customer loyalty,37.145.209.42
zdelafeldgo,Meadow Valley,17,Reactive tertiary concept,42.34.32.21
mgrainegp,Kingsford,47,Programmable well-modulated extranet,241.242.72.243
cdalzielgq,Golf,28,Sharable non-volatile orchestration,109.43.91.164
kredhillsgr,Hansons,82,Fundamental 6th generation concept,74.5.173.16
dfeversgs,Rieder,98,Polarised asymmetric info-mediaries,136.54.56.194
sblewisgt,Longview,84,Integrated mobile project,211.105.113.178
adarrowgu,Esker,86,Function-based multi-tasking budgetary management,110.51.58.249
cworvillgv,Stone Corner,11,Object-based empowering knowledge user,40.63.19.49
ltungategw,Ridgeview,26,Configurable didactic ability,205.136.184.251
tklossekgx,Canary,37,Expanded bandwidth-monitored contingency,14.104.56.210
igregoracigy,Derek,33,Seamless motivating emulation,178.227.53.179
wsadlergz,West,10,Operative dynamic strategy,214.201.47.51
ggentyh0,Knutson,21,Realigned bottom-line initiative,185.63.94.107
sborlessh1,Northland,83,Self-enabling value-added flexibility,82.131.203.73
gmeighanh2,Mccormick,42,Switchable bandwidth-monitored hub,45.77.3.120
dricheh3,Veith,50,Switchable bi-directional framework,109.205.78.8
stomblinh4,Shoshone,82,Switchable 3rd generation frame,132.171.188.140
oshaveh5,Mockingbird,71,Cloned systematic extranet,177.19.80.205
pgordenh6,Kingsford,13,Synergized bifurcated structure,25.57.127.239
klawfordh7,Westend,39,Open-architected reciprocal parallelism,70.21.214.3
cblagdonh8,Express,47,Programmable upward-trending function,87.24.129.220
dfreireh9,Russell,3,Innovative bi-directional software,30.171.114.91
rgrattanha,International,3,Optimized mission-critical knowledge user,100.18.146.126
efishburnhb,Laurel,60,Phased tangible framework,169.248.194.118
econdellhc,Moland,87,Face to face client-server data-warehouse,220.126.63.21
nbirthhd,Eagan,33,User-centric full-range capacity,120.144.251.106
lrollinshe,Columbus,62,Cross-platform holistic implementation,213.31.148.242
akasehf,Carey,54,Enterprise-wide national orchestration,139.231.11.77
lsafellhg,Longview,98,Synergized analyzing system engine,39.2.84.71
aerswellhh,Bultman,81,Front-line actuating function,153.182.140.3
slodyhi,Drewry,61,Operative client-driven neural-net,255.84.190.27
nboughtonhj,Commercial,61,Organic contextually-based forecast,253.171.113.13
jcartmaelhk,Mallory,92,Advanced multi-tasking structure,243.179.11.138
lmacskeaghanhl,Parkside,2,Triple-buffered dynamic complexity,75.71.237.25
nbutchardhm,Mallard,34,Ergonomic 5th generation data-warehouse,121.51.115.17
gdearanhn,Hollow Ridge,94,Vision-oriented asynchronous firmware,75.115.55.95
acurrho,Fairview,75,Team-oriented well-modulated success,156.196.63.58
rstancliffehp,Elgar,4,Focused well-modulated approach,238.107.143.193
acafferyhq,Ryan,80,Advanced 6th generation product,127.107.190.105
challaganhr,Gerald,26,Inverse client-server website,211.220.7.62
noadehs,Menomonie,70,Pre-emptive national open system,230.203.149.106
jjunkinht,Declaration,41,Realigned regional alliance,254.239.125.116
cbraynhu,Main,96,Self-enabling interactive service-desk,17.238.81.19
krobyhv,Londonderry,88,Multi-channelled demand-driven array,9.101.249.205
jfolihw,Coleman,78,Down-sized intangible complexity,175.126.173.179
ckupechx,Eggendart,29,Right-sized eco-centric Graphical User Interface,51.204.47.253
ecluethy,Summit,48,Innovative cohesive parallelism,246.225.58.191
ogroucockhz,Southridge,42,Innovative global hardware,163.74.83.44
mmcquaidei0,Prairie Rose,20,Centralized explicit emulation,111.14.102.150
gharnori1,Chive,50,Fundamental eco-centric help-desk,28.106.46.38
sfiennesi2,Farwell,19,User-friendly well-modulated complexity,52.232.251.190
ityremani3,Monument,44,Implemented systematic hub,206.152.83.234
hbrimsoni4,Westend,2,Sharable executive open system,22.142.39.135
sradborni5,Coleman,50,Front-line encompassing intranet,189.1.141.136
fkluliki6,Anhalt,45,Synergized eco-centric collaboration,206.12.113.32
rvandenveldeni7,Fremont,42,Polarised well-modulated info-mediaries,229.185.210.151
ilarneri8,Arizona,53,Monitored composite neural-net,120.91.248.221
rrami9,Mallory,83,Down-sized methodical neural-net,224.27.77.70
chugginsia,Loomis,81,Mandatory human-resource flexibility,192.38.224.22
kdymockib,Monument,62,Re-contextualized mobile application,26.165.226.67
smartindaleic,Bonner,13,User-friendly optimizing superstructure,100.129.154.63
fpullinid,Dunning,75,Object-based dynamic monitoring,87.120.79.247
qwhyeie,Carioca,48,Diverse real-time flexibility,127.207.140.206
ebrabynif,Moland,8,Assimilated full-range hierarchy,145.129.155.184
acaesarig,John Wall,67,Decentralized real-time collaboration,51.238.123.13
hbarnhartih,Sullivan,30,Fundamental encompassing monitoring,62.52.206.66
atumininiii,3rd,87,Diverse multi-tasking alliance,206.202.33.133
acaseij,Columbus,92,Open-architected multimedia challenge,211.75.230.64
spilipyakik,Blackbird,9,Organic bi-directional ability,151.133.190.94
laristideil,Warbler,3,Profound intermediate structure,92.237.48.232
fdinleyim,Dahle,78,Re-contextualized encompassing core,107.199.184.157
eeasumin,Clemons,94,Optional maximized monitoring,26.90.218.198
kellingworthio,Blue Bill Park,68,Multi-channelled actuating help-desk,95.84.81.28
cspikinsip,Del Sol,61,Multi-lateral modular workforce,33.52.88.216
asloperiq,Monument,18,Function-based zero tolerance archive,31.39.177.44
cvarneyir,Doe Crossing,85,Assimilated multi-state local area network,172.93.79.76
lregnardis,Miller,74,Inverse foreground moratorium,55.149.0.9
sedelheidit,Crownhardt,49,Enterprise-wide dedicated framework,147.160.230.166
rclydeiu,Barby,41,Exclusive methodical focus group,89.177.70.14
mclausiv,Cordelia,15,Quality-focused 24 hour superstructure,235.39.49.48
fcullingfordiw,Blackbird,11,Programmable leading edge pricing structure,56.75.80.92
iparisoix,Valley Edge,52,Open-source uniform application,12.227.252.81
ebromelliy,Mcbride,80,Fully-configurable composite Graphical User Interface,235.209.224.97
gcaldroniiz,Sunfield,91,Progressive explicit monitoring,202.64.100.248
bdartej0,Birchwood,43,Profound homogeneous portal,34.9.88.104
mkonertj1,Nelson,70,Implemented exuding frame,195.154.9.222
twotherspoonj2,Prairie Rose,62,Implemented interactive synergy,63.213.97.69
estrotonej3,1st,98,Seamless grid-enabled customer loyalty,109.90.223.63
gmcglynnj4,Blue Bill Park,48,Progressive multimedia standardization,53.16.10.130
elingwoodj5,Holy Cross,33,Polarised clear-thinking workforce,39.30.60.166
ndobrovolnyj6,Debra,60,Robust high-level approach,49.222.156.86
mgrainj7,Corscot,17,Down-sized systematic Graphical User Interface,66.173.252.183
ahillittj8,Nelson,100,User-friendly multi-state artificial intelligence,117.76.211.222
htrevinoj9,Acker,35,User-centric impactful data-warehouse,149.90.88.58
csteensonja,Birchwood,76,Re-engineered 24/7 matrix,12.225.73.104
gaggiojb,Morning,40,Persevering executive installation,52.141.103.73
csanbrokejc,Derek,83,Synergized systemic pricing structure,172.207.130.54
mkempsonjd,Northwestern,23,Digitized homogeneous extranet,108.188.218.228
tackermanje,School,6,Open-architected eco-centric contingency,14.91.124.119
jfarneyjf,Green Ridge,74,Assimilated local matrices,107.225.100.22
jhumphrysjg,Nevada,69,User-friendly next generation methodology,58.45.11.154
pcreadyjh,Service,45,Ameliorated scalable initiative,109.78.20.2
dhisemanji,Banding,58,Multi-tiered demand-driven infrastructure,115.148.59.210
olaphamjj,Dennis,96,Operative didactic hierarchy,133.140.198.107
egrishakinjk,Prairieview,28,Upgradable motivating portal,152.167.174.204
adevonsjl,Stephen,68,Object-based exuding collaboration,57.73.4.27
wstuchberryjm,Oriole,53,Pre-emptive multi-state adapter,90.28.61.213
eworboyjn,Mandrake,31,Re-engineered coherent knowledge user,107.8.168.173
ibanasevichjo,Carberry,11,Up-sized systemic application,57.116.198.152
anixjp,Marquette,72,Monitored uniform circuit,168.205.220.244
skervinjq,Schmedeman,54,De-engineered regional benchmark,238.110.37.209
racockjr,Anzinger,92,Public-key reciprocal definition,216.69.196.54
rswyersexeyjs,Summit,79,User-centric empowering internet solution,83.192.249.214
gjeynesjt,Eliot,27,Business-focused transitional forecast,52.47.121.169
clerwillju,Pepper Wood,19,Future-proofed logistical methodology,174.47.158.143
respinaljv,Twin Pines,92,Business-focused discrete task-force,122.197.189.48
chaggerwoodjw,Cascade,91,Polarised fresh-thinking moratorium,141.209.242.40
hlethburyjx,Maywood,72,Up-sized needs-based instruction set,19.16.251.83
eswaytonjy,Buell,77,Visionary intangible methodology,49.16.42.211
ggreerjz,Warrior,44,Adaptive maximized capability,61.19.180.46
ddreierk0,Beilfuss,9,Centralized demand-driven infrastructure,85.64.37.110
rsegoek1,Mcguire,69,Team-oriented interactive flexibility,11.195.152.48
mredonk2,Bayside,61,Synchronised grid-enabled initiative,51.142.65.73
dnoldak3,Esch,27,Robust executive leverage,60.211.14.169
jfumagallk4,1st,71,Phased maximized knowledge user,170.12.238.151
bvoask5,Starling,82,Visionary scalable capacity,29.15.230.174
mduthiek6,Lakeland,86,User-centric discrete architecture,71.59.95.17
hmackellark7,Nancy,70,Multi-channelled interactive structure,137.145.165.254
kbrycesonk8,Vahlen,19,Up-sized upward-trending productivity,205.173.154.210
jrodgersk9,Redwing,88,Enterprise-wide coherent superstructure,4.78.40.52
grooneyka,Loeprich,76,Sharable transitional knowledge user,188.231.186.177
pmcelweekb,Blaine,73,Optimized value-added moratorium,169.203.239.113
gverryankc,Moland,8,Focused tangible archive,122.183.109.16
ashinekd,Northridge,58,Visionary solution-oriented task-force,95.252.140.35
pteeceke,Sutteridge,89,Customer-focused systematic synergy,207.5.104.21
smcavinkf,Del Mar,32,Organic optimizing info-mediaries,131.168.196.155
nbirkmyrekg,Moulton,50,Assimilated needs-based emulation,38.250.126.71
rgolledgekh,Grim,42,Organized value-added attitude,163.216.170.233
gferreraski,Barby,44,Re-engineered optimal hardware,241.91.8.9
bgossingtonkj,Troy,93,User-friendly bi-directional help-desk,66.133.50.162
ccornwallkk,Chive,88,Reduced actuating implementation,5.189.233.209
wthomkekl,Calypso,16,User-friendly bottom-line moratorium,213.200.213.201
hacumkm,Garrison,18,Advanced optimal hierarchy,70.143.231.253
vorfordkn,Melody,63,Open-source 6th generation installation,198.146.36.101
adwelleyko,Mockingbird,7,Organized content-based focus group,94.86.128.167
bmancktelowkp,Northport,93,Implemented high-level alliance,71.128.54.82
tgregolottikq,Mifflin,37,Innovative didactic help-desk,112.159.179.112
dfinlasonkr,Larry,14,Optimized mission-critical orchestration,174.151.6.63
llilianks,Jackson,26,Inverse non-volatile hub,254.39.64.194
rsiwardkt,Corry,44,Object-based full-range algorithm,102.89.129.100
cstquentinku,Green Ridge,68,Open-source high-level Graphical User Interface,90.49.229.126
cburtonshawkv,Emmet,33,Reduced modular ability,235.161.137.2
rkarlowiczkw,Hovde,100,Virtual bi-directional open system,196.189.147.152
awarhamkx,Northport,73,Multi-channelled reciprocal intranet,162.156.55.44
jlavertyky,Sommers,5,Future-proofed encompassing task-force,189.116.14.131
cmaddamskz,Arapahoe,2,Compatible exuding challenge,10.6.229.133
afebvrel0,Clarendon,23,Versatile client-server interface,28.148.117.184
svittoril1,Sachtjen,96,Extended interactive encryption,90.72.92.190
wcockertonl2,Ronald Regan,12,Upgradable multi-tasking encoding,154.73.138.173
ilyverl3,Brickson Park,10,Horizontal uniform hub,173.49.8.224
nfranckl4,Lakewood Gardens,49,Reverse-engineered actuating middleware,217.156.206.39
kmckmurriel5,Wayridge,5,Visionary background database,168.56.174.146
bmaddickl6,Summit,30,Customer-focused client-server leverage,161.251.83.80
rstanbrookel7,Crownhardt,97,Customizable didactic flexibility,236.254.161.182
mliebermannl8,Union,95,Triple-buffered coherent conglomeration,204.45.56.24
phewlingsl9,Pleasure,96,User-friendly contextually-based orchestration,73.101.183.13
mlloydla,Moland,39,Function-based modular success,140.197.60.150
sfoddenlb,Corscot,95,Secured next generation structure,72.72.195.180
mburchattlc,Buena Vista,24,Robust even-keeled encoding,26.195.125.110
ssunnexld,Hazelcrest,50,Open-source zero defect forecast,22.75.244.211
aodornanle,Ronald Regan,86,Compatible client-server orchestration,116.14.156.141
smacilhenchlf,Warner,95,Exclusive motivating ability,221.175.78.219
doppielg,Eagle Crest,85,Devolved 3rd generation instruction set,108.163.21.136
dorkneylh,Harper,39,Automated solution-oriented groupware,156.107.188.44
wlunneyli,Pennsylvania,71,Right-sized optimizing software,39.219.212.42
msteelslj,Bayside,50,Monitored asynchronous intranet,202.37.80.126
mmcdonoughlk,Eggendart,84,Organized background customer loyalty,243.250.46.230
mpougherll,Randy,20,Robust systematic knowledge user,180.82.78.129
clackintonlm,Springs,12,Diverse national strategy,59.120.127.52
bbarrouxln,Scott,79,Profound executive solution,207.171.212.17
rjayslo,Maple,41,Down-sized actuating data-warehouse,172.248.76.109
agamblinlp,Dahle,79,Mandatory needs-based customer loyalty,4.135.251.21
gknapperlq,Debra,21,Persevering heuristic emulation,117.146.55.70
nblaxterlr,Stang,48,Phased systemic middleware,254.6.117.243
achongls,Heffernan,64,Triple-buffered zero defect success,152.217.154.241
kbeardmorelt,Towne,61,Grass-roots bi-directional portal,8.43.185.164
lstoneslu,Logan,16,Organized global initiative,106.127.96.196
cbirchlv,Meadow Vale,9,Triple-buffered contextually-based migration,110.5.84.14
dbarnwalllw,Buhler,21,Reduced fault-tolerant artificial intelligence,2.27.100.215
sedenslx,Kings,66,Cross-platform foreground software,182.127.251.199
cgyely,Northfield,54,Multi-channelled demand-driven functionalities,10.39.121.5
tschurichtlz,Mifflin,81,Managed hybrid structure,236.15.245.69
gseagoodm0,Truax,26,Fundamental executive application,119.132.194.41
bclinchm1,Mallard,82,Reverse-engineered eco-centric encoding,142.184.181.202
bbarbiem2,Kensington,67,Horizontal encompassing hub,32.95.7.2
rschustlm3,Veith,35,User-centric user-facing installation,63.131.246.196
jleatem4,Amoth,63,Customizable 6th generation focus group,64.245.131.148
zjiggenm5,Marquette,16,Assimilated asymmetric project,190.140.235.123
cpetraschm6,Corscot,37,Innovative 3rd generation functionalities,6.34.157.142
lswynem7,Birchwood,95,Automated object-oriented throughput,83.24.193.79
dcalanm8,Hallows,66,Inverse contextually-based flexibility,16.141.230.73
ddurnfordm9,Norway Maple,44,Multi-channelled client-driven matrix,70.155.221.96
ksummerillma,Loomis,16,Public-key maximized help-desk,35.164.147.141
gtatnellmb,Menomonie,8,Robust 24/7 synergy,232.10.168.163
fmckerliemc,Bunting,62,Decentralized attitude-oriented budgetary management,247.78.128.39
sstorkmd,Packers,6,Total context-sensitive moratorium,1.5.54.24
sdaintierme,Linden,76,Multi-tiered incremental synergy,62.173.133.4
pvokesmf,Northland,86,Open-source discrete info-mediaries,41.201.17.37
npentycrossmg,Lyons,48,Automated fresh-thinking attitude,176.254.195.232
smcaleesmh,Graedel,14,Universal executive encoding,213.7.96.225
aseebrightmi,Oriole,1,Reverse-engineered hybrid productivity,19.21.111.64
hgardinermj,Fairview,52,User-friendly encompassing collaboration,222.98.153.94
ctreadgoldmk,Sauthoff,93,Organized local approach,70.241.78.169
pmallanml,Fair Oaks,31,Future-proofed value-added initiative,180.150.144.31
crabbetmm,Melrose,76,Pre-emptive heuristic installation,215.131.111.206
aserruriermn,Fairfield,17,Integrated discrete ability,148.244.78.185
tearthfieldmo,Vermont,1,Stand-alone dedicated leverage,206.139.19.150
djayesmp,Ramsey,75,Operative global productivity,122.208.39.139
bcrumleymq,Pennsylvania,21,Upgradable disintermediate productivity,47.249.252.19
hhansommr,Gerald,9,Progressive system-worthy implementation,178.42.138.56
ybaskeyfieldms,Butternut,15,Cross-group dedicated contingency,23.252.55.10
nlubymt,Thierer,89,Object-based full-range neural-net,97.218.175.203
svinallmu,Bobwhite,9,Profound homogeneous ability,213.214.203.120
sfoxmv,Darwin,46,Stand-alone dynamic secured line,47.47.44.76
vhaynesmw,Fulton,91,Profit-focused national solution,85.33.114.45
gespinosamx,Warner,26,Reduced neutral forecast,201.121.1.44
ajanssonmy,Lawn,75,Multi-tiered stable concept,159.210.125.75
kcuerdalemz,Parkside,22,Organic intermediate artificial intelligence,198.124.130.160
fjerzykn0,Washington,66,Front-line 24/7 website,246.138.149.111
arabbn1,Cody,100,Assimilated explicit customer loyalty,94.187.84.160
cbleimann2,Westend,55,Mandatory explicit functionalities,129.111.157.39
imidsonn3,Helena,97,Synergized mission-critical website,182.149.118.175
rsykoran4,Homewood,55,Innovative interactive productivity,243.105.101.144
mknightn5,Mockingbird,17,Devolved logistical functionalities,150.95.155.241
vshearsbyn6,Portage,44,Digitized background archive,146.9.13.97
dmaestron7,Hovde,74,Organic web-enabled complexity,105.181.1.207
lseargeantn8,Northport,34,Proactive background hub,227.115.40.51
lmcnicklen9,Prairieview,71,Down-sized 4th generation alliance,127.100.84.199
ghuleattna,Badeau,52,Cross-platform maximized success,182.107.31.172
tduiguidnb,5th,9,Customer-focused holistic software,157.252.247.80
adallandernc,New Castle,57,Innovative radical artificial intelligence,229.255.17.211
itweedliend,Holmberg,100,Profound tangible portal,35.173.25.216
mmcsheene,Sheridan,90,Re-engineered contextually-based data-warehouse,244.176.124.243
cgreschnf,Onsgard,21,Profit-focused mission-critical hub,249.41.230.170
spateyng,Clemons,12,Virtual contextually-based extranet,37.26.214.134
sbattmannh,Algoma,94,Right-sized responsive synergy,110.181.232.252
afairlambni,Jackson,100,Function-based tertiary hub,70.10.208.220
lsimisternj,Clemons,15,Compatible leading edge orchestration,238.49.51.33
soveringtonnk,High Crossing,84,Cross-group encompassing matrix,136.16.0.169
kkerinnl,Crownhardt,95,Reduced regional pricing structure,81.100.11.219
dgydenm,Cambridge,31,Sharable encompassing matrix,79.21.98.64
hcuxonnn,Thompson,86,Adaptive heuristic capability,227.23.201.155
vdolleno,Magdeline,85,Reduced 5th generation toolset,176.33.76.72
hmineghellinp,Colorado,96,Multi-lateral 24 hour monitoring,68.247.245.73
lshoweringnq,New Castle,66,Total well-modulated solution,126.216.19.191
fdolleynr,Thompson,83,Up-sized cohesive initiative,41.244.108.206
dmatusovskyns,Lyons,18,Customizable fault-tolerant benchmark,175.240.181.143
nhoftonnt,Kennedy,16,Cross-group reciprocal contingency,8.219.16.7
lnannnu,Doe Crossing,40,Focused background portal,252.253.57.44
bgalifordnv,Northfield,19,Intuitive content-based initiative,29.22.141.96
adenkinnw,Village,68,Monitored radical open system,155.230.186.215
zdilowaynx,Red Cloud,88,Stand-alone scalable forecast,58.180.35.124
avialny,Bartelt,11,Sharable composite archive,189.164.161.85
fdenerleynz,Tomscot,72,Seamless fresh-thinking protocol,45.137.98.79
wtivoliero0,Schmedeman,46,Intuitive needs-based analyzer,135.213.163.129
pscogino1,Stuart,33,Devolved responsive leverage,22.10.3.221
respasao2,Ohio,25,Switchable optimizing Graphical User Interface,162.198.190.123
arubkeo3,Charing Cross,6,Up-sized actuating encoding,10.184.137.236
amacgillivrieo4,Green,76,Exclusive radical portal,122.194.0.243
baxupo5,Parkside,10,Up-sized radical utilisation,176.207.176.196
evanshino6,Crownhardt,10,Compatible mission-critical superstructure,83.132.124.155
bnelo7,Nova,76,Compatible full-range solution,187.4.110.95
rdonavano8,Delladonna,8,Down-sized heuristic challenge,142.107.161.83
hdalbyo9,Chive,24,Fundamental 24 hour service-desk,71.196.9.206
jcousinsoa,Esch,28,Versatile directional extranet,72.163.14.38
mmcgrottyob,Mayfield,24,Mandatory actuating conglomeration,145.87.177.167
rmckelvieoc,Lakewood,76,Re-contextualized scalable capacity,163.77.208.91
sjaynesod,Lotheville,28,Reactive client-server open system,238.35.102.24
dtewkesburyoe,Burrows,93,Re-contextualized static matrices,173.127.210.49
seaglestoneof,Waywood,9,Business-focused optimizing firmware,137.220.62.36
cspeeksog,Dovetail,2,Inverse intangible implementation,6.109.17.233
adionisooh,Express,87,Versatile next generation access,193.102.113.237
nfrankemaoi,Quincy,49,Assimilated analyzing intranet,198.73.95.103
mgolsbyoj,Westend,55,Cloned executive open system,203.88.219.62
dbolsoverok,Jay,48,Focused systematic throughput,154.181.86.250
jpumfreyol,Cambridge,15,Vision-oriented composite concept,179.176.133.155
fkillwickom,Huxley,16,Enhanced background intranet,199.222.89.98
ahenmarshon,Warner,87,Open-architected modular database,169.169.76.143
rmahargoo,Moulton,11,Stand-alone zero defect open architecture,84.116.27.237
asoaresop,Gateway,84,Multi-layered incremental service-desk,4.239.137.181
jtomasianoq,Jenna,10,Organic multi-tasking algorithm,61.236.125.34
ljeppor,Fair Oaks,84,Persevering logistical access,213.206.17.180
gloosemoreos,Crownhardt,5,Seamless stable parallelism,99.251.36.58
tmadillot,Esker,59,Diverse needs-based monitoring,20.9.209.161
jmingetou,Birchwood,59,Visionary multimedia collaboration,245.19.122.173
tlissendenov,Manitowish,93,Cross-group logistical challenge,144.195.146.140
bfumagalliow,Waywood,61,Stand-alone explicit service-desk,70.47.228.245
jstubbeox,Reinke,89,Proactive even-keeled leverage,201.231.182.163
dnoelloy,Rutledge,27,Operative mission-critical encoding,98.154.236.194
chunoz,Norway Maple,4,Ergonomic bifurcated info-mediaries,207.123.127.232
sfackneyp0,Briar Crest,82,Advanced background migration,187.96.229.186
rdrinkhallp1,Golf View,20,Synchronised 24 hour migration,6.113.10.202
lpendreyp2,Arkansas,29,Inverse zero tolerance definition,237.222.223.20
ocarbonellp3,Hauk,93,Universal systemic synergy,173.218.190.169
dhebbornep4,Crest Line,36,Progressive object-oriented initiative,195.165.65.116
tmurleyp5,Hauk,43,Front-line directional frame,38.33.207.237
ehoffmanp6,Monument,70,Cross-group incremental support,116.27.88.31
dgillinghamp7,Bowman,83,Synergized content-based customer loyalty,57.222.73.255
rdalliganp8,Tony,93,Multi-tiered disintermediate project,24.114.54.214
rcassinp9,Welch,2,Stand-alone context-sensitive frame,113.197.121.111
kopferpa,Lukken,40,Object-based radical methodology,68.142.48.102
rsterzakerpb,Ruskin,76,Operative real-time application,173.50.224.33
emarwoodpc,Dakota,11,De-engineered asymmetric Graphical User Interface,151.48.231.159
debbittpd,8th,39,Implemented incremental access,177.237.149.137
jellsburype,Northridge,94,Reduced zero tolerance definition,199.141.68.53
vtunuypf,Artisan,12,Versatile optimal migration,69.153.93.205
gdavidowskypg,Thackeray,88,Streamlined interactive intranet,68.208.165.220
rbockenph,Basil,57,Organized static complexity,181.251.176.73
vprestedgepi,Morning,44,Organic didactic solution,224.101.1.67
aricholdpj,Eliot,64,Reduced hybrid productivity,109.220.157.186
ebeafordpk,Cardinal,33,Compatible scalable capability,64.49.106.197
tcawkillpl,Sugar,82,Streamlined directional function,98.133.139.16
bpaffpm,Sullivan,80,Ameliorated bi-directional open architecture,10.216.168.118
kworlockpn,Johnson,69,Diverse next generation task-force,146.12.44.106
mhearsumpo,Dunning,69,Focused analyzing synergy,59.116.188.238
jyellpp,Bayside,98,Advanced explicit synergy,165.213.9.130
ldegliabbatipq,Bartillon,74,Compatible dynamic contingency,47.62.71.248
srubenovicpr,Meadow Vale,76,Persevering content-based algorithm,43.102.76.159
heustesps,Sherman,93,Persevering object-oriented emulation,144.242.93.14
aflipspt,Walton,51,Managed heuristic internet solution,151.64.243.66
iriddellpu,Dennis,39,Cross-group intangible complexity,209.64.244.40
tvacherpv,Hooker,99,Horizontal national capacity,254.46.161.62
cbeediepw,Summit,71,Ameliorated dedicated database,121.151.126.237
mvarahpx,Susan,95,Implemented systemic product,75.140.59.243
bloganpy,4th,52,Open-architected systemic conglomeration,12.166.41.151
jdydepz,Longview,99,Mandatory global emulation,5.210.17.249
pabramovicq0,Pepper Wood,19,Ameliorated local hierarchy,220.112.226.23
rnorresq1,Katie,75,Versatile responsive time-frame,147.146.226.77
ablabieq2,Novick,85,User-friendly real-time array,172.197.171.24
msketchq3,American Ash,35,Cross-platform global intranet,18.53.119.207
npratonq4,Rigney,20,Diverse multi-state hub,40.129.91.95
gdrysdellq5,Burrows,38,Public-key dedicated workforce,9.68.22.255
gjoneq6,Carberry,43,Persevering interactive benchmark,140.197.215.48
jkitchinghamq7,Fair Oaks,52,Profit-focused clear-thinking middleware,255.48.152.182
lsicilyq8,Dottie,38,Upgradable dedicated workforce,109.120.19.58
pruppelq9,Larry,57,Switchable tertiary knowledge user,126.49.41.253
rhadyeqa,Loomis,90,Streamlined contextually-based concept,164.242.165.182
scowenqb,Schiller,33,Mandatory 3rd generation success,235.124.121.126
dnashqc,Prairieview,75,Business-focused scalable focus group,54.227.86.65
osaunterqd,Quincy,8,Reactive heuristic structure,13.210.14.93
aparmeterqe,Ramsey,30,Implemented neutral leverage,199.211.13.179
asartinqf,Cottonwood,57,Switchable well-modulated system engine,199.134.187.223
emimmackqg,Duke,97,Organized empowering contingency,181.10.142.225
ebaggqh,Sullivan,7,Team-oriented web-enabled knowledge base,234.225.8.148
mjacopqi,Evergreen,31,Sharable multi-state projection,18.175.190.126
mnisbetqj,Briar Crest,85,Compatible content-based ability,7.55.252.4
pbootherqk,Golden Leaf,92,Open-source clear-thinking neural-net,216.61.223.56
rmacalesterql,Commercial,56,Monitored secondary emulation,191.156.194.252
soneilqm,Maywood,61,Multi-lateral heuristic policy,133.149.1.121
charlerqn,Kingsford,44,Decentralized systemic artificial intelligence,90.42.243.85
gdelafontqo,Arrowood,72,Reverse-engineered grid-enabled implementation,138.198.172.3
hstenerqp,Messerschmidt,95,User-friendly multi-state frame,141.114.211.11
gpendredqq,New Castle,1,Virtual optimal Graphical User Interface,227.96.57.83
jcrepelqr,1st,82,Persistent empowering definition,186.114.144.143
mvassanoqs,Pawling,63,Seamless non-volatile leverage,151.218.82.14
sifflandqt,Forest Run,75,Team-oriented zero defect benchmark,176.229.137.203
dwildqu,Lyons,96,Synergized analyzing interface,250.27.193.51
fyorstonqv,Claremont,97,Versatile leading edge monitoring,216.144.65.98
darmanqw,Havey,57,Customizable transitional database,3.145.115.252
ppashbyqx,Toban,28,Seamless grid-enabled utilisation,220.203.169.134
asahlstromqy,Sherman,24,Intuitive multi-state archive,206.155.113.16
jcoiteqz,Longview,61,Optimized stable functionalities,25.109.227.40
kmcgurkr0,Grayhawk,3,Polarised contextually-based encoding,83.103.225.211
plimbrickr1,Boyd,64,Ameliorated intangible groupware,7.135.70.174
mmattessenr2,Fieldstone,15,Profit-focused optimizing protocol,119.28.178.177
blynesr3,Fieldstone,86,Open-architected methodical system engine,127.236.69.72
azarbr4,Hovde,6,Devolved even-keeled approach,131.245.133.47
frendallr5,Fairview,37,Synergized even-keeled support,57.15.106.167
bbasterfieldr6,Del Mar,47,Persistent asymmetric Graphical User Interface,211.242.223.173
lbrookfieldr7,Dakota,63,Managed empowering contingency,166.198.67.186
ghickfordr8,Old Gate,47,Adaptive bandwidth-monitored knowledge user,198.112.246.69
msharerr9,Leroy,74,Automated exuding support,72.244.251.248
spapierzra,Loeprich,48,Public-key directional budgetary management,180.210.235.53
eschmuhlrb,Carpenter,42,Versatile zero defect pricing structure,107.241.252.174
mwootonrc,Corben,84,Digitized impactful knowledge user,163.99.119.173
jspurginrd,Alpine,12,Multi-channelled logistical open system,126.20.36.79
pegere,Cody,78,Devolved disintermediate hardware,92.103.251.178
pbernaderf,Forest Run,32,Universal bi-directional budgetary management,140.38.125.234
charuardrg,Golden Leaf,74,Optional tangible synergy,66.147.203.129
wtownbyrh,Sachtjen,40,Reduced fresh-thinking structure,230.118.247.20
ctomalari,Jenna,63,Fundamental clear-thinking intranet,191.44.26.251
jwoolcocksrj,Bayside,93,Devolved high-level architecture,188.9.58.243
bstebbingsrk,Cambridge,35,Fundamental disintermediate benchmark,90.217.48.121
rsteinrl,Fisk,1,Ergonomic hybrid groupware,253.196.248.6
gkainesrm,Cascade,74,Optional multimedia infrastructure,166.78.71.18
lphilcoxrn,Meadow Vale,2,Reduced fault-tolerant Graphic Interface,73.191.244.204
cadamecro,Buell,30,User-centric motivating analyzer,159.247.254.141
locklinrp,Knutson,75,Mandatory leading edge intranet,116.93.118.61
mkitteringhamrq,Westport,38,Up-sized clear-thinking task-force,42.11.136.237
bsmogurrr,Messerschmidt,35,Vision-oriented hybrid website,55.112.136.82
